ID,Nombre,Email,Contraseña
1,Alicia,alicia1@example.com,c2hrp5R5ow
2,Beatriz,beatriz2@example.com,nxzJ2MlJfy
3,Esther,esther3@example.com,aTHF3uQUc8
4,Rafael,rafael4@example.com,Ar6OMzsHna
5,Clara,clara5@example.com,1KZsTdZg4X
6,Carlos,carlos6@example.com,cFGumnvixM
7,Lucia,lucia7@example.com,m5lfhVRENr
8,Juan,juan8@example.com,w7xAjxrJAq
9,Jorge,jorge9@example.com,NBsF3gvrAz
10,Jose,jose10@example.com,QML8E6cAE7
11,Jose,jose11@example.com,WI25FttkcS
12,Sofia,sofia12@example.com,7Dw7f0ayHz
13,Fernando,fernando13@example.com,Q03Ne8Fuhw
14,Susana,susana14@example.com,SujGJuIFlF
15,Ana,ana15@example.com,DGwnSD0WJb
16,Luis,luis16@example.com,w40NBK99LF
17,Elena,elena17@example.com,xyUKkHmUYv
18,Francisco,francisco18@example.com,iQ6xKUJtol
19,Miguel,miguel19@example.com,cV4O0CFhi2
20,Ana,ana20@example.com,4STdwv2cgw
21,Sofia,sofia21@example.com,E2lmyphx6b
22,Diego,diego22@example.com,mlDFpKBlax
23,Paula,paula23@example.com,40NXmDyvDK
24,Juan,juan24@example.com,uZSv0dNQom
25,Andrea,andrea25@example.com,BgijoCtZOP
26,Juan,juan26@example.com,6silZTjNqb
27,Ana,ana27@example.com,WcXFtR5IP1
28,David,david28@example.com,gGR6nwN9N9
29,Natalia,natalia29@example.com,ApXH9yGGjh
30,Laura,laura30@example.com,ZN45DDv86H
31,Celia,celia31@example.com,1A0Yd6UkNW
32,Sergio,sergio32@example.com,C7O2Zb58Gn
33,María,maría33@example.com,GvpR6Ok6tJ
34,Francisco,francisco34@example.com,PnkhJPmDkr
35,Raquel,raquel35@example.com,hCt6gWxZ9h
36,María,maría36@example.com,mcJRbc5Zqw
37,Pablo,pablo37@example.com,2Wch7KJWaj
38,David,david38@example.com,t9EvwJFeXD
39,Miguel,miguel39@example.com,ffShiDtRuM
40,Silvia,silvia40@example.com,FpfNjumxHo
41,Juan,juan41@example.com,UL3LgkMe4b
42,Pablo,pablo42@example.com,j7nYSLI5Qe
43,Daniel,daniel43@example.com,S9r9bYhdLu
44,Beatriz,beatriz44@example.com,lA4VkrI1EJ
45,Sara,sara45@example.com,fmq4hdGVCf
46,Jose,jose46@example.com,vDptALzba8
47,Daniel,daniel47@example.com,KDE6BZmtkU
48,Adrian,adrian48@example.com,bQXBNszRVs
49,Susana,susana49@example.com,GCbWDasQvj
50,Ines,ines50@example.com,gbQcoKJZ0X
